-- =====================================================
-- Career Planner 测试数据初始化脚本
-- =====================================================

USE career_planner;

-- =====================================================
-- 1. 初始化用户数据
-- =====================================================
INSERT INTO `users` (`id`, `username`, `password`, `email`, `phone`, `nickname`, `avatar`, `gender`, `birthday`, `status`) VALUES
(1, 'admin', '$2a$10$N.zmdr9k7uOCQb376NoUnuTJ8iAt6Z5EHsM8lE9lBOsl7iKTVKIUi', 'admin@example.com', '13800138000', '管理员', NULL, 1, '1990-01-01', 1),
(2, 'zhangsan', '$2a$10$N.zmdr9k7uOCQb376NoUnuTJ8iAt6Z5EHsM8lE9lBOsl7iKTVKIUi', 'zhangsan@example.com', '13800138001', '张三', NULL, 1, '1998-05-15', 1),
(3, 'lisi', '$2a$10$N.zmdr9k7uOCQb376NoUnuTJ8iAt6Z5EHsM8lE9lBOsl7iKTVKIUi', 'lisi@example.com', '13800138002', '李四', NULL, 2, '1999-08-20', 1);
-- 密码均为: password123

-- =====================================================
-- 2. 初始化简历数据
-- =====================================================
INSERT INTO `resume` (`id`, `user_id`, `title`, `real_name`, `target_position`, `expected_salary`, `work_city`, `education`, `school`, `major`, `graduation_year`, `work_experience`, `self_introduction`) VALUES
(1, 2, '张三的简历', '张三', '后端开发工程师', '15K-25K', '北京', '本科', '北京理工大学', '软件工程', 2022, 2, '热爱编程，擅长Java后端开发，有丰富的项目经验。'),
(2, 3, '李四的简历', '李四', '前端开发工程师', '12K-20K', '上海', '本科', '上海交通大学', '计算机科学与技术', 2023, 1, '专注前端开发，熟练使用Vue、React等主流框架。');

-- =====================================================
-- 3. 初始化技能数据
-- =====================================================
INSERT INTO `skill` (`resume_id`, `name`, `level`, `category`, `years`) VALUES
-- 张三的技能
(1, 'Java', 4, '编程语言', 3),
(1, 'Spring Boot', 4, '后端框架', 2),
(1, 'MySQL', 3, '数据库', 2),
(1, 'Redis', 3, '缓存', 1),
(1, 'Docker', 2, '容器化', 1),
(1, 'Git', 3, '工具', 3),
-- 李四的技能
(2, 'JavaScript', 4, '编程语言', 2),
(2, 'TypeScript', 3, '编程语言', 1),
(2, 'Vue.js', 4, '前端框架', 2),
(2, 'React', 3, '前端框架', 1),
(2, 'HTML/CSS', 4, '前端基础', 3),
(2, 'Node.js', 2, '后端', 1);

-- =====================================================
-- 4. 初始化工作经历数据
-- =====================================================
INSERT INTO `work_experience` (`resume_id`, `company`, `position`, `department`, `start_date`, `end_date`, `description`, `achievements`) VALUES
(1, '字节跳动', 'Java开发工程师', '基础架构部', '2022-07-01', NULL, '负责公司内部服务框架的开发与维护，参与微服务架构设计。', '优化了服务启动时间，减少30%；主导开发了配置中心组件'),
(1, '阿里巴巴（实习）', 'Java开发实习生', '淘宝技术部', '2021-06-01', '2021-09-01', '参与电商平台订单系统开发，学习大规模分布式系统设计。', '独立完成订单查询优化，QPS提升50%'),
(2, '腾讯', '前端开发工程师', '微信事业群', '2023-07-01', NULL, '负责小程序管理后台前端开发，使用Vue3+TypeScript技术栈。', '主导重构管理后台，用户体验评分提升20%');

-- =====================================================
-- 5. 初始化教育经历数据
-- =====================================================
INSERT INTO `education` (`resume_id`, `school`, `degree`, `major`, `start_date`, `end_date`, `gpa`, `description`) VALUES
(1, '北京理工大学', '本科', '软件工程', '2018-09-01', '2022-06-30', 3.7, '连续三年获得校级奖学金，担任计算机协会技术部长'),
(2, '上海交通大学', '本科', '计算机科学与技术', '2019-09-01', '2023-06-30', 3.8, '获得国家奖学金，ACM校队成员，多次参加算法竞赛');

-- =====================================================
-- 6. 初始化测评数据
-- =====================================================
INSERT INTO `assessment` (`user_id`, `type`, `result_code`, `result_name`, `description`, `strengths`, `careers`, `suggestions`, `score`) VALUES
(2, 'MBTI', 'INTJ', '建筑师', '独立思考者，善于规划和分析。有远见，喜欢挑战复杂问题。',
    '["战略思维", "独立性强", "高效执行", "追求卓越"]',
    '["软件架构师", "数据分析师", "产品经理", "研究员", "咨询顾问"]',
    '["发挥分析能力，在技术或研究领域深耕", "提升人际交往能力", "学会适当放松，避免过度追求完美"]',
    85),
(2, 'HOLLAND', 'IAR', '研究型/艺术型/现实型', '适合需要独立思考和创造性解决问题的工作，对技术和艺术都有兴趣。',
    '["分析能力", "创造力", "动手能力", "独立工作"]',
    '["软件工程师", "数据科学家", "UX设计师", "技术顾问"]',
    '["选择能结合技术与创意的职业", "寻找允许独立工作的环境"]',
    78),
(3, 'MBTI', 'ENFP', '竞选者', '热情洋溢，富有创造力。善于发现可能性，激励他人。',
    '["创造力", "热情", "适应力", "沟通能力"]',
    '["产品经理", "市场营销", "用户体验设计师", "创业者"]',
    '["保持专注，避免同时进行太多项目", "学会说不，合理分配精力"]',
    82);

-- =====================================================
-- 7. 初始化职业报告数据
-- =====================================================
INSERT INTO `career_report` (`user_id`, `title`, `type`, `content`, `summary`, `based_on`) VALUES
(2, '软件工程师职业发展规划', 'AI生成',
'## 职业定位

基于您的MBTI测评结果（INTJ）和技能背景分析，您非常适合从事需要深度思考和系统规划的技术岗位。

## 短期目标（1-2年）

1. **技术深耕**：继续深化Java技术栈，学习云原生技术
2. **项目经验**：主导完成2-3个核心项目
3. **技术影响力**：开始技术博客写作，参与开源项目

## 中期目标（3-5年）

1. **角色转型**：从高级工程师向技术负责人转型
2. **技术广度**：学习系统架构设计，关注技术管理
3. **行业认知**：深入理解业务，成为技术与业务的桥梁

## 长期目标（5年以上）

1. **技术领导**：成为技术总监或首席架构师
2. **行业影响**：建立个人技术品牌
3. **持续创新**：关注前沿技术，引领技术方向

## 推荐学习路径

- 系统设计与架构
- 云原生技术（Kubernetes、ServiceMesh）
- 技术管理与领导力',
'基于INTJ性格类型，推荐走技术专家路线，目标是成为技术架构师或技术负责人。',
'{"assessmentIds": [1, 2]}'),

(3, '前端工程师转型建议', 'AI生成',
'## 当前优势分析

作为ENFP类型，您具有出色的创造力和沟通能力，这在前端开发中是非常宝贵的。

## 发展建议

### 技术方向
1. 深化Vue/React技术栈
2. 学习全栈开发（Node.js）
3. 关注用户体验设计

### 软技能
1. 产品思维培养
2. 项目管理能力
3. 团队协作与沟通

## 可能的转型方向

1. **全栈工程师**：结合前后端能力
2. **技术产品经理**：发挥沟通与创意优势
3. **前端架构师**：深耕前端技术',
'建议结合ENFP的创造力优势，向产品化或全栈方向发展。',
'{"assessmentIds": [3]}');

-- =====================================================
-- 8. 初始化学习记录数据
-- =====================================================
INSERT INTO `learning_record` (`user_id`, `course_name`, `category`, `platform`, `progress`, `total_hours`, `completed_hours`, `status`, `start_date`) VALUES
(2, 'Java并发编程实战', '编程', '极客时间', 85, 40, 34, 1, '2024-01-01'),
(2, 'MySQL实战45讲', '数据库', '极客时间', 100, 30, 30, 2, '2023-10-01'),
(2, '系统设计入门', '架构', 'Coursera', 60, 25, 15, 1, '2024-02-01'),
(3, 'Vue3深入浅出', '前端', '慕课网', 100, 20, 20, 2, '2023-09-01'),
(3, 'TypeScript入门到精通', '编程', 'B站', 75, 15, 11.25, 1, '2024-01-15'),
(3, '用户体验设计基础', '设计', 'Coursera', 40, 20, 8, 1, '2024-03-01');

-- =====================================================
-- 9. 初始化职业字典数据
-- =====================================================
INSERT INTO `career_dict` (`name`, `category`, `description`, `required_skills`, `salary_range`, `education_requirement`, `prospects`) VALUES
('后端开发工程师', '技术', '负责服务器端应用程序的设计、开发和维护', '["Java", "Python", "数据库", "分布式系统", "API设计"]', '15K-50K', '本科及以上', '需求量大，发展前景好，可向架构师、技术经理方向发展'),
('前端开发工程师', '技术', '负责Web应用的用户界面开发', '["JavaScript", "Vue/React", "HTML/CSS", "Node.js"]', '12K-40K', '本科及以上', '需求稳定，可向全栈、前端架构师方向发展'),
('数据分析师', '数据', '通过数据分析为业务决策提供支持', '["SQL", "Python", "统计学", "数据可视化", "Excel"]', '12K-35K', '本科及以上', '数据驱动时代需求旺盛，可向数据科学家方向发展'),
('产品经理', '产品', '负责产品规划、设计和全生命周期管理', '["需求分析", "原型设计", "项目管理", "用户研究"]', '15K-50K', '本科及以上', '互联网核心岗位，可向产品总监、创业方向发展'),
('UI/UX设计师', '设计', '负责用户界面和用户体验设计', '["Figma", "Sketch", "用户研究", "交互设计", "视觉设计"]', '10K-35K', '本科及以上', '设计行业热门方向，可向设计总监方向发展');
